,,Overall,,,,,,,Conf.,,,Home,,,Away,,,Points,,,School Advanced,,,,,,,,,,,,
Rk,School,G,W,L,W-L%,SRS,SOS,,W,L,,W,L,,W,L,,Tm.,Opp.,,Pace,ORtg,FTr,3PAr,TS%,TRB%,AST%,STL%,BLK%,eFG%,TOV%,ORB%,FT/FGA
1,Abilene Christian Wildcats,11,7,4,0.636,-7.63,0.24,,,,,5,0,,1,3,,800,753,,68.6,106.1,0.344,0.333,0.532,55,56.1,14.9,12.1,0.501,17,39.1,0.237
2,Air Force Falcons,12,3,9,0.25,-10.34,-1.67,,0,1,,3,5,,0,3,,786,890,,67.2,97.5,0.437,0.407,0.539,47.9,56.1,9.3,8.9,0.51,19,25.5,0.281
3,Akron Zips,11,8,3,0.727,13.12,-0.18,,,,,5,0,,1,1,,1054,863,,74.3,128.9,0.291,0.432,0.627,53.1,59.6,10.2,9.7,0.606,11.8,36.2,0.215
4,Alabama Crimson Tide,11,8,3,0.727,24.81,12.72,,,,,4,1,,1,0,,1035,902,,76.5,122.9,0.356,0.53,0.601,50.7,54.4,9.9,15.7,0.568,12.1,32.5,0.27
5,Alabama A&M Bulldogs,11,6,5,0.545,-7.89,2.11,,,,,6,0,,0,4,,728,790,,68.3,96.9,0.389,0.345,0.502,48.9,44.9,8.1,8.5,0.458,15.6,26.6,0.273
6,Alabama State Hornets,11,3,8,0.273,-10.61,1.29,,,,,1,0,,1,7,,843,906,,72.8,105.3,0.319,0.368,0.528,49.1,51.2,11.2,9.6,0.501,14.6,32.9,0.215
7,Albany Great Danes,13,4,9,0.308,-12.71,2.09,,,,,2,0,,1,6,,982,990,,71.2,106.1,0.259,0.382,0.542,50.4,54.5,11.2,9.4,0.529,15.7,32.3,0.159
8,Alcorn State Braves,10,1,9,0.1,-19.73,4.07,,,,,0,0,,0,9,,665,903,,72.1,92.2,0.251,0.353,0.521,43.1,41,11,11.7,0.506,21.9,28.4,0.154
9,American Eagles,12,7,5,0.583,-4.73,-2.33,,,,,7,1,,0,4,,981,880,,72.1,113.4,0.338,0.458,0.574,48.9,50.6,12.5,4.7,0.541,14.3,28.7,0.251
10,App State Mountaineers,13,8,5,0.615,-5.4,-3.4,,1,0,,5,1,,2,4,,965,853,,65.5,112.3,0.361,0.441,0.544,52.6,51,8,12.1,0.527,13.3,35.2,0.221
11,Arizona Wildcats,10,10,0,1,29.96,7.36,,,,,6,0,,1,0,,900,674,,73,123.3,0.413,0.272,0.61,59,58.5,12.2,11.1,0.579,14.6,40.9,0.301
12,Arizona State Sun Devils,12,9,3,0.75,10.96,5.54,,,,,4,1,,1,1,,965,900,,71.2,113,0.448,0.396,0.581,49.4,51.4,10.4,11.6,0.539,13.9,28.9,0.331
13,Arkansas Razorbacks,11,9,2,0.818,21.93,5.2,,,,,8,0,,0,1,,989,805,,73.4,122.4,0.387,0.383,0.599,51.9,58.7,11.5,12.1,0.56,11.4,32.6,0.3
14,Arkansas State Red Wolves,12,8,4,0.667,-1.53,-1.71,,1,0,,4,0,,4,4,,973,943,,72.9,110.1,0.357,0.42,0.562,54.1,52.1,9.7,5.9,0.518,17.1,36.6,0.278
15,Arkansas Pine Bluff Golden Lions,13,3,10,0.231,-16.21,8.07,,,,,2,0,,1,10,,1025,1177,,77.8,101.3,0.266,0.379,0.531,48.3,59.5,9.8,8.9,0.495,16.9,29.9,0.205
16,Army West Point Black Knights,12,5,7,0.417,-14.56,-1.96,,,,,3,3,,2,3,,871,915,,69.5,103.4,0.237,0.539,0.523,50.7,57.4,8.5,3.1,0.495,15.3,30.7,0.175
17,Auburn Tigers,11,8,3,0.727,17.71,8.08,,,,,5,0,,0,1,,951,845,,70.4,121.5,0.467,0.401,0.586,54.1,47.8,11,12.5,0.544,13,39.7,0.343
18,Austin Peay Governors,10,5,5,0.5,0.25,1.36,,,,,3,0,,2,5,,763,692,,71.8,106.2,0.311,0.439,0.539,49.3,61.9,14.8,7.6,0.51,14.5,29.4,0.217
19,Ball State Cardinals,11,3,8,0.273,-15.75,-7.85,,,,,2,2,,0,5,,714,763,,67.3,96.4,0.313,0.402,0.486,46.9,53.9,11.3,9.8,0.455,15.3,28.8,0.207
20,Baylor Bears,9,7,2,0.778,15.78,6.45,,,,,5,0,,0,1,,799,715,,72.8,121.9,0.391,0.371,0.581,54.3,51.6,9.5,10.5,0.543,12.9,41.2,0.291
21,Bellarmine Knights,11,5,6,0.455,-6.15,1.85,,,,,3,2,,1,4,,855,849,,68.3,113.8,0.334,0.392,0.62,47,53.3,11.2,5.1,0.583,16.2,21.8,0.271
22,Belmont Bruins,12,11,1,0.917,9.27,-4.36,,2,0,,5,1,,4,0,,1026,829,,73,117.2,0.317,0.452,0.617,53.6,60.2,9.3,10.5,0.605,16.4,29.9,0.209
23,Bethune Cookman Wildcats,11,3,8,0.273,-11.06,5.64,,,,,2,0,,1,6,,777,903,,69.8,100.1,0.321,0.3,0.508,45.4,46.8,11.3,10.3,0.48,14.2,28.1,0.213
24,Binghamton Bearcats,12,3,9,0.25,-23.16,-8.16,,,,,3,3,,0,5,,784,913,,65.9,98.1,0.493,0.348,0.536,49.8,52.2,7.9,9.1,0.477,19.4,27.6,0.37
25,Boise State Broncos,11,8,3,0.727,18.14,10.48,,,,,5,1,,1,0,,858,764,,70.2,111.2,0.385,0.393,0.561,56.2,53.1,6.7,4.8,0.515,14.9,33.6,0.297
26,Boston College Eagles,11,5,6,0.455,0.4,-2.51,,,,,4,2,,1,1,,774,742,,66.4,102.5,0.358,0.447,0.503,51.5,46.6,6.9,14,0.464,13,31.3,0.25
27,Boston U Terriers,12,4,8,0.333,-10.81,-4.17,,,,,2,2,,1,6,,882,908,,64.5,111.7,0.303,0.47,0.581,50.3,57,8.6,10.3,0.563,16.5,31.1,0.2
28,Bowling Green Falcons,11,8,3,0.727,8.91,-3.31,,,,,5,2,,1,1,,959,713,,74.3,117.4,0.4,0.358,0.591,53.5,53.6,17.1,12.9,0.554,13.6,31.2,0.298
29,Bradley Braves,12,8,4,0.667,3.95,-3.24,,1,0,,5,1,,1,1,,947,835,,69,110.9,0.383,0.444,0.556,48.4,49.2,14.5,11.1,0.521,12.7,27.7,0.274
30,BYU Cougars,11,10,1,0.909,27.71,7.35,,,,,4,0,,0,0,,942,718,,70,122.3,0.325,0.391,0.595,54.1,48.8,12.7,12.4,0.564,11.6,33.5,0.245
31,Brown Bears,12,5,7,0.417,-7.67,-6.3,,,,,3,3,,2,4,,850,784,,67,103.6,0.269,0.379,0.531,50.8,58.7,11.7,13.6,0.506,16,31,0.186
32,Bryant Bulldogs,12,3,9,0.25,-10.89,0.02,,,,,3,1,,0,8,,763,857,,67.7,94,0.267,0.516,0.503,48,60.2,9.6,10.7,0.468,18.3,26.1,0.198
33,Bucknell Bison,12,3,9,0.25,-11.84,-1.09,,,,,1,3,,2,4,,793,922,,68.2,96.9,0.317,0.436,0.511,48,53.9,10.3,7.6,0.471,17.3,28,0.233
34,Buffalo Bulls,11,9,2,0.818,-1.5,-6.6,,,,,4,1,,3,1,,852,785,,66.6,116.4,0.503,0.443,0.597,49.1,50.9,12,8.3,0.55,14.1,28.7,0.378
35,Butler Bulldogs,11,8,3,0.727,15.36,4.27,,1,1,,6,1,,0,2,,961,839,,72.4,118.1,0.45,0.353,0.571,54.5,56.4,10.1,9.3,0.541,13.4,39.1,0.303
36,Cal Poly Mustangs,12,5,7,0.417,-5.51,1.39,,1,1,,2,2,,3,4,,991,1032,,78.4,105.4,0.388,0.487,0.56,51.4,48.5,8.2,6.6,0.521,18.6,31.6,0.285
37,Cal State Bakersfield Roadrunners,13,5,8,0.385,-14.25,-3.34,,0,2,,4,2,,1,6,,956,1023,,72.8,101,0.487,0.291,0.521,48.2,44.4,11.3,15.4,0.46,17.3,33.6,0.362
38,Cal State Fullerton Titans,12,5,7,0.417,-2.19,2.21,,0,2,,3,2,,1,4,,1076,1016,,79.9,112.2,0.362,0.389,0.564,50.1,52.9,9.5,7.2,0.532,12.4,26.8,0.258
39,Cal State Northridge Matadors,11,6,5,0.545,-6.51,-1.61,,1,1,,4,0,,2,3,,860,868,,73.9,105.7,0.328,0.359,0.526,52.8,55.7,9.2,7,0.494,15.8,35.3,0.226
40,California Golden Bears,11,10,1,0.909,11.8,-0.81,,,,,9,0,,0,1,,909,761,,70,118,0.393,0.418,0.59,50.9,54.1,8.6,11.2,0.549,13.1,31,0.302
41,California Baptist Lancers,12,9,3,0.75,3.51,-1.07,,,,,5,0,,3,2,,906,851,,69.3,108.9,0.351,0.322,0.525,56.7,43.5,9,5.9,0.485,14.5,40.5,0.254
42,Campbell Fighting Camels,11,5,6,0.455,-7.43,5.35,,,,,4,0,,0,6,,899,874,,75.4,108.4,0.441,0.36,0.544,55,48.1,9.3,6.3,0.507,16.7,38.5,0.303
43,Canisius Golden Griffins,12,5,7,0.417,-16.69,-4.96,,0,2,,4,1,,1,6,,722,810,,63.8,94.3,0.352,0.376,0.499,50.2,53.8,6.8,7.4,0.464,18.8,31.1,0.237
44,Central Arkansas Bears,12,5,7,0.417,-4,1.7,,,,,5,1,,0,6,,910,865,,73.3,102.3,0.265,0.521,0.525,51.6,54.5,12.4,5.1,0.507,15,28.1,0.168
45,Central Conn St Blue Devils,11,6,5,0.545,-8.63,-3.85,,,,,3,1,,3,4,,871,787,,69.5,112.7,0.258,0.346,0.566,52.8,55,9.6,14,0.543,13,29.3,0.185
46,Central Michigan Chippewas,11,4,7,0.364,-15.46,-3.46,,,,,3,1,,0,5,,808,851,,70.1,104.7,0.295,0.35,0.535,49.4,60,8.4,12.6,0.503,15.9,32.6,0.215
47,Charleston Southern Buccaneers,13,8,5,0.615,-5,-7.7,,,,,6,0,,2,4,,1122,987,,75.6,114.2,0.288,0.569,0.576,53.9,64.9,5.9,8.7,0.556,15.1,32.6,0.197
48,Charlotte 49ers,12,5,7,0.417,-0.4,0.78,,,,,5,2,,0,3,,849,858,,64.7,109.3,0.359,0.438,0.549,53.3,53.9,7.7,11.7,0.523,15.6,36.1,0.239
49,Chattanooga Mocs,12,5,7,0.417,-11.36,-2.02,,,,,4,2,,1,4,,937,861,,68.7,113.6,0.294,0.54,0.569,49.4,62.1,9.9,5.4,0.539,12.4,27.9,0.22
50,Chicago State Cougars,12,2,10,0.167,-15.2,5.61,,,,,1,1,,1,9,,803,1009,,69.6,96.2,0.341,0.289,0.487,47.6,41.6,12.2,4.5,0.439,16.3,33.8,0.255
51,Cincinnati Bearcats,11,7,4,0.636,8.68,-1.32,,,,,7,1,,0,1,,831,721,,74,102.2,0.374,0.487,0.523,52.5,69.2,10,16,0.499,15.9,30.3,0.236
52,Clemson Tigers,12,9,3,0.75,17.48,2.73,,,,,7,0,,0,2,,968,791,,67.2,118.8,0.403,0.428,0.566,55.5,54.1,9,8.5,0.525,11.2,35.1,0.298
53,Cleveland State Vikings,13,4,9,0.308,-17.23,-0.73,,0,2,,3,2,,0,6,,1030,1097,,73,108.5,0.381,0.465,0.569,50.4,60.2,7.5,7.5,0.534,17.7,34.4,0.275
54,Coastal Carolina Chanticleers,12,6,6,0.5,-9.89,-4.8,,0,1,,3,0,,2,6,,875,854,,72,100.2,0.283,0.426,0.503,51.1,45.1,7.1,8.6,0.475,12.6,26,0.193
55,Colgate Raiders,11,6,5,0.545,-0.2,2.02,,,,,2,1,,1,4,,852,793,,67.6,112,0.228,0.345,0.581,49,50.2,9.1,8.6,0.559,13.4,26.7,0.171
56,College of Charleston Cougars,12,6,6,0.5,-2.07,-0.26,,,,,4,2,,0,2,,895,894,,68.7,108.5,0.43,0.411,0.527,50.4,47.7,7.9,12.1,0.479,12.1,31.6,0.312
57,Colorado Buffaloes,11,10,1,0.909,12.39,1.02,,,,,8,0,,0,1,,968,843,,70.4,123.6,0.441,0.304,0.611,54.7,56.4,9.2,10.7,0.575,11.9,34.3,0.328
58,Colorado State Rams,11,9,2,0.818,13.7,1,,,,,6,1,,1,0,,943,766,,65.3,131.3,0.374,0.497,0.683,55.7,64.8,8.2,4.5,0.654,14.8,31.7,0.302
59,Columbia Lions,11,9,2,0.818,4.67,-5.83,,,,,6,0,,3,2,,886,733,,68.4,116.4,0.28,0.386,0.585,59.7,55.2,8.8,9.8,0.561,16.8,41,0.203
60,Connecticut Huskies,12,11,1,0.917,26.99,9.65,,1,0,,7,1,,1,0,,948,740,,67.4,117.2,0.308,0.368,0.582,53.8,62.6,10.8,16.9,0.561,13.3,33.8,0.214
61,Coppin State Eagles,14,2,12,0.143,-29.68,-3.98,,,,,1,0,,1,9,,915,1208,,71.3,91.6,0.34,0.341,0.491,46.3,54.7,9.6,7.9,0.446,19.2,29.7,0.247
62,Cornell Big Red,10,5,5,0.5,-2.15,-3.15,,,,,3,0,,2,5,,911,858,,75.3,118,0.307,0.538,0.625,51,67.6,8.2,6.5,0.605,15.9,29,0.223
63,Creighton Bluejays,11,6,5,0.545,13.66,8.12,,1,0,,4,1,,1,2,,844,783,,68.2,112.6,0.254,0.493,0.566,51.1,62.8,8.5,7.3,0.541,14.7,32.3,0.186
64,Dartmouth Big Green,10,5,5,0.5,-4.3,-3.97,,,,,3,2,,2,3,,778,736,,70.4,110.5,0.389,0.519,0.585,53.8,58.5,6.7,10.3,0.551,17.5,30.7,0.285
65,Davidson Wildcats,11,8,3,0.727,5.98,0.58,,,,,6,2,,1,0,,827,739,,65.6,114.6,0.408,0.424,0.587,51.4,53.9,10.4,9.9,0.562,14,29.3,0.278
66,Dayton Flyers,12,9,3,0.75,10.42,0.08,,,,,7,0,,1,1,,974,850,,71.1,111.9,0.496,0.433,0.582,48.8,57.1,13.8,13.9,0.538,14.6,26.9,0.362
67,Delaware Blue Hens,11,4,7,0.364,-8.83,-3.93,,,,,2,3,,1,3,,752,810,,67.4,100.3,0.25,0.433,0.552,48.2,57,8.8,10.3,0.525,17.9,23.3,0.186
68,Delaware State Hornets,13,4,9,0.308,-21.94,-5.24,,,,,3,1,,1,7,,793,944,,68.2,88.6,0.249,0.276,0.455,47.4,49,13.2,5.3,0.425,15.4,26.3,0.167
69,Denver Pioneers,13,6,7,0.462,-6.64,6.06,,,,,4,2,,2,5,,1091,1110,,69.7,120.4,0.361,0.388,0.6,49.6,40.6,6.6,5.5,0.568,13.4,32.5,0.271
70,DePaul Blue Demons,12,8,4,0.667,4.54,-3.13,,0,1,,6,2,,1,1,,917,825,,70.1,109,0.429,0.402,0.559,49.5,66,10.5,8.4,0.522,14.9,29.4,0.302
71,Detroit Mercy Titans,11,4,7,0.364,-11.89,-2.79,,2,1,,2,1,,2,6,,819,872,,71,104.9,0.311,0.347,0.505,50.5,49,7.8,8.3,0.462,13,34,0.235
72,Drake Bulldogs,12,6,6,0.5,4.07,-0.33,,0,1,,3,4,,1,1,,962,834,,67.7,117.2,0.331,0.433,0.582,51.6,54.4,8.2,11.1,0.547,11.9,28.2,0.254
73,Drexel Dragons,11,4,7,0.364,-11.32,-7.52,,,,,3,2,,1,3,,783,787,,68.7,103.6,0.3,0.394,0.504,53.1,54.6,9.8,11.6,0.482,15.1,36.4,0.188
74,Duke Blue Devils,11,11,0,1,30.97,4.06,,,,,6,0,,2,0,,965,669,,70.9,123.7,0.403,0.463,0.611,57.7,62.5,11,13.7,0.584,13.6,37.9,0.288
75,Duquesne Dukes,11,6,5,0.545,-0.68,-2.18,,,,,6,1,,0,3,,920,884,,73.8,112,0.402,0.423,0.592,51,56.2,9.7,7.8,0.565,17.5,31,0.281
76,East Carolina Pirates,12,5,7,0.417,-7.84,-1.3,,,,,5,3,,0,2,,821,892,,69.8,98,0.428,0.322,0.5,51.5,46.8,10,9.9,0.449,16.6,33.9,0.305
77,East Tennessee State Buccaneers,12,8,4,0.667,4.79,-3.31,,,,,7,0,,1,4,,946,797,,69.3,113.7,0.282,0.413,0.573,52,54.3,14.2,12.5,0.55,14.2,32,0.199
78,Texas A&M Commerce Lions,11,6,5,0.545,-8.98,0.47,,1,1,,3,0,,2,5,,850,805,,73.1,105.8,0.289,0.468,0.566,48.4,65.8,11,8.9,0.543,17,26.2,0.202
79,Eastern Illinois Panthers,11,3,8,0.273,-10.91,5.79,,1,1,,3,2,,0,6,,685,840,,67,92,0.321,0.318,0.502,45.1,50,9.7,9,0.459,18.6,25.4,0.24
80,Eastern Kentucky Colonels,12,4,8,0.333,-7.78,1.32,,,,,2,4,,2,4,,971,945,,73.6,110,0.305,0.504,0.534,52.1,50,10.9,11.1,0.5,14.9,36.1,0.223
81,Eastern Michigan Eagles,11,6,5,0.545,-4.25,-1.55,,,,,4,1,,2,4,,791,780,,69.4,103.6,0.298,0.313,0.531,51.4,53.6,10,9.4,0.499,15.5,31.1,0.215
82,Eastern Washington Eagles,11,2,9,0.182,-6.16,1.94,,,,,2,1,,0,7,,852,915,,71,106.7,0.327,0.36,0.563,48.5,45.5,9.3,7,0.535,16.7,29.3,0.231
83,Elon Phoenix,11,7,4,0.636,-0.4,-3.2,,,,,4,2,,3,2,,938,862,,69.8,120.8,0.354,0.447,0.58,52.6,52.8,10.6,10.9,0.551,12.5,37,0.254
84,Evansville Purple Aces,12,4,8,0.333,-6.49,5.01,,0,1,,3,3,,0,3,,837,881,,69.2,100.8,0.368,0.432,0.527,48.7,58.6,8.4,12,0.489,16.2,28.3,0.26
85,Fairfield Stags,12,7,5,0.583,-9.29,-8.54,,0,2,,4,1,,3,4,,891,900,,68.8,106.9,0.252,0.363,0.511,52.7,42.1,8.8,9.4,0.483,12.7,34.9,0.178
86,FDU Knights,10,2,8,0.2,-20.23,-0.36,,,,,2,2,,0,6,,714,783,,69.7,102.5,0.269,0.491,0.52,52.2,52.8,6.7,7.5,0.496,16.6,33.9,0.181
87,Florida Gators,11,7,4,0.636,21.17,8.54,,,,,4,0,,0,1,,922,783,,73.8,113.6,0.418,0.428,0.551,59.3,54.9,7.8,11.8,0.511,15.6,42.8,0.299
88,Florida A&M Rattlers,8,3,5,0.375,-16.22,3.45,,,,,2,1,,0,4,,563,663,,72.9,95.1,0.371,0.348,0.517,45.8,47.3,11.3,8.9,0.491,18.9,27,0.233
89,Florida Atlantic Owls,11,8,3,0.727,7.01,1.12,,,,,5,1,,1,1,,923,784,,68.9,120.4,0.322,0.423,0.578,55.3,48.3,9.1,17.8,0.545,13.5,37.9,0.244
90,Florida Gulf Coast Eagles,11,5,6,0.455,-1.62,0.38,,,,,4,3,,1,3,,917,901,,72.6,112.3,0.318,0.392,0.542,52.4,51.8,12.5,10,0.507,12.9,36.2,0.234
91,Florida International Panthers,9,5,4,0.556,-0.23,4.05,,,,,5,1,,0,3,,756,710,,75.7,111,0.377,0.384,0.547,49.6,60.2,14.2,14.4,0.52,13.8,36,0.249
92,Florida State Seminoles,11,5,6,0.455,4.77,3.32,,,,,5,1,,0,2,,922,906,,78,107.5,0.33,0.53,0.531,47.8,54.8,12.8,11.6,0.498,14.3,33.3,0.232
93,Fordham Rams,12,8,4,0.667,-3.84,-10.62,,,,,6,2,,0,1,,916,750,,67.9,112.3,0.225,0.374,0.547,58,57.3,10.7,8.6,0.53,14,37.1,0.149
94,Fresno State Bulldogs,11,6,5,0.545,2.32,0.52,,,,,5,3,,0,2,,841,786,,71.5,106.9,0.354,0.42,0.564,51.5,52.7,10.6,5.9,0.533,17,31.3,0.252
95,Furman Paladins,12,8,4,0.667,-1.41,0.15,,,,,5,1,,2,1,,938,839,,68.5,114.1,0.306,0.501,0.578,56.5,59.9,8.3,10.5,0.566,16.5,36.4,0.194
96,Gardner Webb Runnin Bulldogs,14,2,12,0.143,-24.51,0.22,,,,,2,3,,0,7,,991,1220,,72.5,97.6,0.333,0.375,0.521,46.3,43,8.4,7.9,0.486,17.3,26.2,0.235
97,George Mason Patriots,11,10,1,0.909,10.66,-2.94,,,,,8,0,,0,1,,874,714,,67.6,117.5,0.512,0.352,0.598,55.6,52.5,8.9,10.3,0.55,15.5,34.5,0.386
98,George Washington Colonials,12,8,4,0.667,11.61,0.36,,,,,5,1,,1,0,,1042,907,,73,119,0.453,0.424,0.596,54.6,54.6,10.6,9.8,0.558,14.9,35.7,0.332
99,Georgetown Hoyas,11,8,3,0.727,4.43,-0.11,,1,0,,6,0,,2,1,,860,810,,68.5,111.6,0.416,0.35,0.539,51.4,60.1,10.5,14,0.49,10.8,31.4,0.311
100,Georgia Bulldogs,11,10,1,0.909,25.31,-2.6,,,,,7,0,,1,0,,1095,788,,78,126.1,0.422,0.448,0.611,54.7,50.7,13.5,18.9,0.57,12.5,38,0.327
101,Georgia Southern Eagles,14,9,5,0.643,-6.59,-7.67,,1,0,,6,0,,3,3,,1164,1090,,73.8,112.6,0.389,0.478,0.561,47.5,43.8,12.1,9.4,0.525,12.8,29.7,0.28
102,Georgia State Panthers,12,2,10,0.167,-18.5,-2.04,,0,1,,2,1,,0,7,,785,932,,71.4,91.6,0.347,0.469,0.473,46.2,51.2,9.4,7.2,0.419,15.9,27.6,0.265
103,Georgia Tech Yellow Jackets,11,7,4,0.636,1.75,-2.16,,,,,7,1,,0,1,,811,768,,71.7,101.7,0.334,0.327,0.518,52.5,62.2,10,12.2,0.491,15.9,32.3,0.217
104,Gonzaga Bulldogs,12,11,1,0.917,31.39,7.39,,,,,6,0,,1,0,,1109,795,,74.4,124.2,0.305,0.305,0.601,58,56.7,12.2,11.4,0.58,12.2,37.4,0.216
105,Grambling Tigers,10,4,6,0.4,-8,-1.11,,,,,2,0,,1,6,,705,723,,70.3,100.3,0.462,0.352,0.547,47.3,52.3,12.2,9.8,0.504,18.9,28,0.328
106,Grand Canyon Antelopes,10,6,4,0.6,7.18,-0.02,,,,,5,1,,0,1,,749,677,,69.5,107.7,0.367,0.37,0.534,55.5,55.2,9.1,8.3,0.487,14.6,35,0.28
107,Green Bay Phoenix,13,6,7,0.462,-6.01,2.18,,1,2,,3,1,,1,5,,945,975,,66.8,107.8,0.456,0.41,0.562,49.1,53.7,7.4,8.5,0.523,14.4,23.9,0.321
108,Hampton Pirates,12,6,6,0.5,-10.25,-8.15,,,,,3,0,,2,4,,889,814,,68.2,108.6,0.41,0.388,0.533,53,53.6,10.6,10.9,0.492,14.6,36.3,0.289
109,Harvard Crimson,11,5,6,0.455,-6.5,-5.2,,,,,3,1,,2,4,,766,750,,65.7,106.1,0.272,0.36,0.56,50.3,54.6,12,8.1,0.526,15.7,26.6,0.213
110,Hawaii Rainbow Warriors,12,10,2,0.833,8.52,-5.88,,2,0,,10,1,,0,1,,965,757,,71.9,111.9,0.5,0.394,0.572,57.1,53.1,9,8.5,0.527,16,34.7,0.361
111,High Point Panthers,12,9,3,0.75,5.35,-6.75,,,,,6,1,,0,1,,1130,852,,73,127.7,0.422,0.417,0.617,51.2,53.5,16.2,9,0.586,10.7,33.2,0.309
112,Hofstra Pride,12,8,4,0.667,3.34,-0.36,,,,,2,0,,4,4,,935,795,,68.3,114.1,0.301,0.406,0.576,53.5,52.8,8.9,11.2,0.55,14.6,33.9,0.217
113,Holy Cross Crusaders,12,5,7,0.417,-11.62,-0.62,,,,,3,2,,1,5,,808,872,,67.5,99.8,0.312,0.419,0.525,47.8,47.1,9.9,4.2,0.497,15.6,23.8,0.212
114,Houston Cougars,11,10,1,0.909,21.31,0.86,,,,,6,0,,0,0,,860,635,,65.2,118.6,0.24,0.424,0.551,53.8,61.7,14.3,14.6,0.524,11.9,38.8,0.18
115,Houston Christian Huskies,12,5,7,0.417,-9.43,-5.03,,1,3,,3,2,,2,4,,857,879,,66.5,106.3,0.375,0.381,0.545,51.1,59.6,10.2,12,0.521,15.5,30.5,0.243
116,Howard Bison,13,8,5,0.615,-10.71,-7.21,,,,,4,2,,1,3,,991,924,,71.2,107.1,0.462,0.332,0.555,51,58.7,13.4,9.8,0.514,16.5,32.1,0.327
117,Idaho Vandals,11,7,4,0.636,0.82,1.07,,,,,4,0,,2,3,,909,783,,69.6,118.8,0.338,0.514,0.599,55.8,57,8,5.9,0.565,13.9,32.9,0.26
118,Idaho State Bengals,12,7,5,0.583,4.3,2.41,,,,,4,0,,2,4,,900,819,,66,113.6,0.37,0.434,0.571,53.8,50.2,9.3,13.1,0.536,15.4,38.3,0.272
119,Illinois Fighting Illini,11,8,3,0.727,25.69,9.41,,1,1,,6,1,,1,0,,966,787,,70,125.5,0.357,0.458,0.595,56.9,47.6,5.5,13.3,0.556,11.5,38,0.28
120,Illinois State Redbirds,12,9,3,0.75,9.31,-0.96,,1,0,,5,0,,2,1,,968,810,,68.7,117.5,0.349,0.42,0.582,53.4,50.6,9,6.8,0.562,13.3,32.8,0.231
121,Illinois Chicago Flames,11,4,7,0.364,-4.76,-3.16,,0,2,,2,2,,1,4,,833,806,,69,109.8,0.382,0.356,0.541,51,54,12.6,14.1,0.492,15.8,39.2,0.295
122,Incarnate Word Cardinals,11,5,6,0.455,-2.13,4.74,,1,2,,4,0,,0,5,,908,818,,68.8,120,0.326,0.38,0.577,54,47.8,8.7,6,0.551,12.8,36.9,0.23
123,Indiana Hoosiers,11,8,3,0.727,22.62,4.35,,1,1,,7,0,,0,2,,942,741,,70.9,120.8,0.39,0.484,0.617,52.9,66.9,8.9,7.5,0.581,13.2,28.9,0.301
124,Indiana State Sycamores,12,7,5,0.583,-6.15,-4.95,,0,1,,5,1,,2,3,,928,867,,71.2,105.3,0.298,0.463,0.555,49.7,63.4,9.5,5.7,0.525,16.4,27.5,0.219
125,Iona Gaels,12,8,4,0.667,-0.36,-2.11,,1,1,,4,1,,3,1,,963,942,,73,107.7,0.291,0.415,0.555,46.9,52.2,10.7,7,0.526,14.2,26.5,0.211
126,Iowa Hawkeyes,11,9,2,0.818,19.72,2.26,,1,1,,7,0,,0,2,,872,680,,64.6,122.7,0.427,0.405,0.629,51.5,63.3,11.5,6.9,0.602,13.9,30.8,0.311
127,Iowa State Cyclones,11,11,0,1,29.39,2.21,,,,,6,0,,1,0,,995,696,,70.7,127.9,0.34,0.362,0.624,53.8,55.3,15.6,10.4,0.606,12.3,36.5,0.239
128,IU Indy Jaguars,13,4,9,0.308,-15.35,-3.26,,0,3,,3,3,,1,5,,1158,1194,,81.8,109,0.215,0.465,0.548,44.7,65.4,13.4,9.5,0.527,13.7,29.1,0.154
129,Jackson State Tigers,11,1,10,0.091,-21.6,8.13,,,,,0,1,,1,8,,657,984,,70.9,84.2,0.26,0.455,0.466,39.6,43.8,9.5,7,0.428,19.3,22.2,0.191
130,Jacksonville Dolphins,12,5,7,0.417,-14.43,-1.23,,,,,3,0,,1,6,,925,897,,69.5,109.7,0.314,0.429,0.555,52.9,50.6,10.4,7.8,0.532,16.2,35.1,0.212
131,Jacksonville State Gamecocks,10,4,6,0.4,-12.78,-7.5,,,,,4,3,,0,2,,740,621,,69,107.3,0.366,0.437,0.52,54.4,53.7,9.1,9.8,0.494,13.6,34.1,0.233
132,James Madison Dukes,12,7,5,0.583,-6.84,-5.65,,0,1,,5,0,,1,5,,894,893,,67.4,110.5,0.331,0.463,0.554,49.4,56.4,9.1,13.7,0.522,13.9,29.4,0.238
133,Kansas Jayhawks,12,9,3,0.75,22.43,11.26,,,,,5,1,,1,1,,896,762,,66.8,110.6,0.344,0.382,0.56,53.1,56.5,7,17.9,0.523,13.6,29.2,0.256
134,Kansas City Kangaroos,13,2,11,0.154,-13.02,4.62,,,,,2,3,,0,8,,910,1071,,73.7,95,0.348,0.346,0.505,46.5,48.8,9.4,5.8,0.467,17.9,29,0.242
135,Kansas State Wildcats,11,7,4,0.636,15.35,6.08,,,,,5,2,,1,1,,950,848,,74.2,116.5,0.318,0.422,0.593,52.7,61.4,8.8,11.3,0.57,15.2,34.7,0.226
136,Kennesaw State Owls,11,8,3,0.727,-2.07,-6.69,,0,1,,5,1,,2,1,,1039,820,,77,120,0.444,0.425,0.579,57.2,47.3,10.4,13.1,0.551,13.8,40.8,0.3
137,Kent State Golden Flashes,11,9,2,0.818,1.94,-4.62,,,,,7,1,,0,1,,1063,897,,77.3,122.2,0.442,0.454,0.625,55.8,61,10.1,12.3,0.593,15.8,36.5,0.326
138,Kentucky Wildcats,11,7,4,0.636,23.62,5.71,,,,,7,1,,0,1,,927,730,,70.8,119.1,0.322,0.42,0.578,55.2,60.4,10.9,12.5,0.546,11.8,33.2,0.24
139,La Salle Explorers,11,4,7,0.364,-8.06,-4.76,,,,,3,1,,0,3,,740,744,,66,102,0.315,0.283,0.512,54,59.2,10.5,8.2,0.477,17.3,38.6,0.223
140,Lafayette Leopards,12,3,9,0.25,-15.02,-5.2,,,,,3,3,,0,6,,832,905,,68.8,100.7,0.317,0.383,0.518,47.2,51.7,7.9,6.3,0.483,15.5,27.9,0.226
141,Lamar Cardinals,10,5,5,0.5,-6.47,-1.84,,0,2,,3,2,,2,2,,720,673,,69.5,103.6,0.259,0.362,0.515,52.1,59.1,12.1,16.4,0.493,15,33.1,0.172
142,Le Moyne Dolphins,11,5,6,0.455,-13.22,-6.12,,,,,2,1,,2,4,,835,862,,70.6,107.6,0.365,0.398,0.578,49,57.8,9,10.8,0.541,17.3,27.8,0.273
143,Lehigh Mountain Hawks,12,4,8,0.333,-11.26,-2.76,,,,,3,2,,0,5,,852,889,,69,100.9,0.34,0.431,0.535,45.3,51.9,9.9,8.3,0.503,16.3,25.4,0.236
144,Liberty Flames,10,7,3,0.7,4.11,-0.18,,,,,6,0,,0,1,,818,657,,66.3,123.4,0.252,0.507,0.643,50.3,61,10.3,10.1,0.641,12.5,21.4,0.158
145,Lindenwood Lions,11,7,4,0.636,-4.04,-0.48,,2,0,,4,0,,2,4,,906,807,,75.2,109.5,0.384,0.312,0.554,53.4,56.4,12.4,11.4,0.523,15.8,35.5,0.263
146,Lipscomb Bisons,11,6,5,0.545,3.18,3.48,,,,,4,0,,2,5,,877,835,,74.2,107.4,0.26,0.481,0.554,47.7,65.8,12,8.6,0.522,15,27.1,0.2
147,Little Rock Trojans,12,3,9,0.25,-19.63,-3.82,,1,1,,1,1,,2,8,,794,939,,68.7,96.3,0.281,0.296,0.518,47.9,50.5,12,11.7,0.504,19.9,31.5,0.167
148,Long Beach State Beach,12,3,9,0.25,-6.39,2.24,,0,2,,3,3,,0,6,,876,938,,68.8,104,0.279,0.358,0.527,50.3,47.7,9.7,6.1,0.498,14.9,31.4,0.198
149,LIU Sharks,11,6,5,0.545,-5.12,-1.66,,,,,2,1,,4,4,,843,881,,71,106.7,0.36,0.287,0.559,48.2,46.2,12.3,13.2,0.539,17.3,33.5,0.231
150,Longwood Lancers,13,6,7,0.462,-13.25,-7.88,,,,,4,2,,1,4,,999,975,,71,106.2,0.481,0.332,0.551,53.5,50.8,12,7.8,0.492,16.9,34.1,0.37
151,Louisiana Ragin Cajuns,12,1,11,0.083,-17.15,-2.82,,0,1,,1,3,,0,8,,672,844,,64.2,87.2,0.284,0.408,0.465,47.1,42.4,7.9,8.5,0.432,18.4,26.9,0.192
152,Louisiana State Tigers,10,9,1,0.9,18.99,1.09,,,,,5,0,,1,0,,885,706,,70.8,123.4,0.42,0.34,0.612,55.8,51.1,8.6,11.4,0.571,13.4,34.7,0.325
153,Louisiana Tech Bulldogs,10,6,4,0.6,-7.72,-9.35,,,,,6,0,,0,4,,696,573,,65.6,106.1,0.294,0.325,0.519,56.8,46.6,10.5,16,0.498,15.7,38.5,0.187
154,Louisiana Monroe Warhawks,12,3,9,0.25,-18.66,-4.16,,0,1,,3,2,,0,6,,889,991,,71.9,100.9,0.35,0.435,0.533,45.7,55.4,8.7,8.5,0.496,16.2,25,0.252
155,Louisville Cardinals,11,9,2,0.818,25.29,3.38,,,,,7,0,,0,2,,1005,764,,73.6,124.2,0.403,0.557,0.609,54.5,62.9,10.6,9.4,0.571,13.2,35,0.309
156,Loyola Chicago Ramblers,12,3,9,0.25,-11.98,-3.82,,,,,3,4,,0,1,,822,920,,64.6,106,0.41,0.487,0.532,49.5,60.2,5.4,12.2,0.493,15.5,32.5,0.284
157,Loyola Maryland Greyhounds,12,4,8,0.333,-19.23,-9.63,,,,,3,2,,0,5,,906,916,,70.6,106.9,0.342,0.455,0.544,50.4,53.9,9.7,9.8,0.525,15.8,32,0.215
158,Loyola Marymount Lions,11,7,4,0.636,2.97,0.47,,,,,4,3,,2,0,,854,746,,70.6,108.8,0.297,0.434,0.564,51.5,52.4,10.1,12.5,0.545,16.1,30.2,0.196
159,Maine Black Bears,13,1,12,0.077,-16.06,-4.29,,,,,0,3,,1,7,,761,914,,65.6,89.2,0.347,0.358,0.509,43,48.6,11.8,11.3,0.487,20.8,23.9,0.212
160,Manhattan Jaspers,12,4,8,0.333,-16.26,-3.53,,1,1,,2,2,,0,6,,929,1003,,70.8,107.2,0.389,0.373,0.545,45.3,51.4,12.1,7.5,0.497,14.2,29,0.298
161,Marist Red Foxes,10,7,3,0.7,-0.91,-8.02,,2,0,,5,1,,2,2,,740,644,,69,107.3,0.247,0.379,0.556,52.7,61.1,11.7,9.1,0.527,15.8,30.9,0.188
162,Marquette Golden Eagles,12,5,7,0.417,3.89,2.56,,0,1,,5,3,,0,2,,937,921,,71.5,107,0.36,0.426,0.522,49.7,58.4,12.9,7.4,0.482,13,33.4,0.258
163,Marshall Thundering Herd,11,7,4,0.636,2.35,0.26,,,,,5,1,,2,3,,874,851,,71.8,110.7,0.295,0.455,0.577,51.8,60.1,7.7,15.5,0.545,16.6,32.7,0.226
164,Maryland Terrapins,11,6,5,0.545,1.42,4.33,,0,2,,3,2,,1,1,,854,886,,71.8,106.9,0.493,0.425,0.543,50.6,46.2,8.5,6.9,0.485,16.1,33.7,0.37
165,Maryland Baltimore County Retrievers,11,6,5,0.545,-9.9,-6.01,,,,,4,2,,2,3,,815,779,,68.7,106.6,0.277,0.427,0.563,51.4,51.2,6.9,8.5,0.541,16.1,26.8,0.192
166,Maryland Eastern Shore Hawks,16,4,12,0.25,-16.12,-0.12,,,,,2,1,,1,11,,1007,1162,,65.1,94.4,0.218,0.345,0.515,50,57.6,7.8,8.1,0.497,20.7,31.4,0.143
167,Massachusetts Minutemen,11,8,3,0.727,1.6,-5.04,,,,,5,1,,0,0,,883,810,,73.9,108.6,0.367,0.339,0.551,54.3,60.9,9.6,6.7,0.529,16.4,36.1,0.238
168,Mass Lowell River Hawks,13,5,8,0.385,-13.77,-0.07,,,,,4,1,,1,7,,1016,1029,,72.7,107.5,0.424,0.319,0.552,52.5,51.9,7.4,7.1,0.522,16.7,35.4,0.282
169,McNeese Cowboys,12,10,2,0.833,11.85,-0.65,,3,1,,5,0,,2,2,,1056,787,,70,125.7,0.366,0.324,0.607,53.3,53,16.3,16.2,0.57,12.5,40.2,0.285
170,Memphis Tigers,10,4,6,0.4,10.06,11.86,,,,,4,2,,0,2,,751,769,,71.6,103.6,0.358,0.331,0.513,49.9,51.9,12,12.5,0.474,15.7,36.5,0.254
171,Mercer Bears,11,7,4,0.636,0.51,3.07,,,,,5,0,,2,4,,888,822,,72.5,111.4,0.343,0.429,0.55,48.3,50.5,13.2,8.8,0.519,12.9,31.6,0.241
172,Mercyhurst Lakers,12,4,8,0.333,-12.42,-1.92,,,,,3,0,,1,8,,784,809,,65.8,99.3,0.232,0.33,0.509,47.4,57.9,11.5,12.4,0.496,14.9,27.7,0.137
173,Merrimack Warriors,13,6,7,0.462,-10.57,-3.34,,2,0,,3,0,,2,5,,842,936,,65,99.7,0.348,0.486,0.509,40,54.9,11.6,12.1,0.458,13.6,23.9,0.27
174,Miami FL Hurricanes,12,10,2,0.833,18.46,-1.96,,,,,8,0,,1,0,,1058,813,,72.2,122.1,0.362,0.321,0.596,56.3,60.8,11.8,11,0.578,13.8,39,0.239
175,Miami OH RedHawks,11,11,0,1,5,-8.89,,,,,6,0,,4,0,,1015,766,,72.9,125.1,0.362,0.444,0.642,53.4,53.1,11.3,9.3,0.618,13,28.5,0.27
176,Michigan Wolverines,10,10,0,1,38.56,11.56,,2,0,,4,0,,2,0,,947,677,,75,124.7,0.355,0.433,0.633,57.7,62.8,9.2,16.4,0.612,14.6,35.2,0.256
177,Michigan State Spartans,11,10,1,0.909,24.35,9.17,,2,0,,6,1,,1,0,,857,690,,67.2,115.9,0.338,0.335,0.558,59.5,69.8,9.2,15.3,0.522,14.5,41,0.251
178,Middle Tennessee Blue Raiders,10,6,4,0.6,4.05,9.68,,1,0,,4,1,,1,1,,784,727,,71.7,109.4,0.262,0.43,0.534,51,51.4,9.1,13.4,0.509,12.9,32.6,0.182
179,Milwaukee Panthers,10,4,6,0.4,-5.87,2.46,,1,0,,4,1,,0,5,,797,817,,72.3,110.2,0.346,0.378,0.527,50.1,50.2,10.4,7.8,0.498,11.7,33.7,0.231
180,Minnesota Golden Gophers,11,6,5,0.545,5.73,0.45,,1,1,,6,0,,0,2,,807,749,,65.9,110.2,0.502,0.426,0.56,53.7,72,10.4,8.9,0.523,15.2,33.3,0.34
181,Mississippi Rebels,11,7,4,0.636,9.59,1.96,,,,,5,1,,0,1,,829,745,,67.1,112.2,0.394,0.351,0.559,51,57.2,11.1,16.7,0.519,13.5,32.2,0.29
182,Mississippi State Bulldogs,11,6,5,0.545,5.63,4.73,,,,,4,1,,1,0,,874,864,,71.5,108.7,0.314,0.409,0.543,50.9,45.4,8.8,11.2,0.517,13.5,29.8,0.214
183,Mississippi Valley State Delta Devils,11,1,10,0.091,-29.85,-0.55,,,,,1,1,,0,7,,735,992,,73.4,89.1,0.287,0.314,0.496,45.2,54.5,10.4,11.1,0.454,20.9,26.6,0.219
184,Missouri Tigers,12,10,2,0.833,10.35,-6.57,,,,,9,0,,1,2,,1041,838,,70.1,123.8,0.395,0.365,0.623,57.4,50.3,11.8,11.1,0.605,16,39.7,0.268
185,Missouri State Bears,10,5,5,0.5,-9.05,0.53,,,,,5,2,,0,3,,749,728,,68.7,108.9,0.395,0.4,0.542,50.5,55,10.5,9.7,0.508,13.9,33,0.271
186,Monmouth Hawks,12,5,7,0.417,-7.82,-4.45,,,,,3,1,,1,5,,875,884,,68.6,105.2,0.365,0.32,0.532,50.7,56.3,10.6,13.8,0.487,14.5,32.4,0.274
187,Montana Grizzlies,12,6,6,0.5,-3.68,-0.05,,,,,4,4,,2,2,,998,879,,73.6,113.1,0.392,0.42,0.609,54.1,58.5,7.2,6.6,0.58,17.1,27.7,0.285
188,Montana State Bobcats,12,5,7,0.417,1.25,3.35,,,,,2,1,,2,6,,932,846,,67.7,113.5,0.276,0.473,0.575,50.1,43.2,10.6,6.7,0.55,13.8,29.4,0.199
189,Morehead State Eagles,11,4,7,0.364,-12.9,0.99,,1,0,,3,0,,0,7,,839,889,,72,105.9,0.344,0.322,0.537,50.4,50.2,10.7,8.9,0.504,16.4,36.1,0.243
190,Morgan State Bears,10,2,8,0.2,-21.12,-8.35,,,,,2,4,,0,4,,727,818,,70.6,102.9,0.418,0.309,0.526,50.1,50.2,7.9,8.2,0.47,16.7,33.6,0.321
191,Mount St Marys Mountaineers,11,3,8,0.273,-15.79,-4.88,,0,2,,1,2,,2,6,,751,871,,70,96.4,0.316,0.464,0.537,50.2,61.4,6.8,8.5,0.517,20.8,27.5,0.201
192,Murray State Racers,12,9,3,0.75,9.94,-1.73,,1,0,,6,0,,0,1,,1076,936,,73.7,121.7,0.41,0.474,0.606,52.9,54.3,7.8,7.5,0.57,14.3,37,0.308
193,Navy Midshipmen,11,6,5,0.545,-6.22,-6.02,,,,,3,1,,2,3,,792,761,,68.2,105.6,0.406,0.315,0.545,51.7,56.7,10.4,7.4,0.496,15.6,30.1,0.309
194,NC State Wolfpack,12,8,4,0.667,21.68,5.34,,,,,7,1,,0,1,,1072,876,,71.1,124.3,0.361,0.454,0.612,52.6,56.3,11.4,11,0.578,11.7,30.3,0.278
195,Nebraska Cornhuskers,11,11,0,1,21.41,5.86,,2,0,,7,0,,1,0,,922,751,,70.9,118.3,0.288,0.507,0.6,50.9,63.1,9.7,8.6,0.576,12.3,26.8,0.212
196,Nevada Wolf Pack,11,8,3,0.727,8.16,3.71,,,,,6,1,,1,1,,851,802,,67.6,113.1,0.467,0.3,0.537,52,57,9.7,13.4,0.482,11.2,34.3,0.347
197,Nevada Las Vegas Rebels,10,4,6,0.4,-0.38,1.33,,,,,2,3,,2,0,,809,826,,75.3,107.4,0.467,0.35,0.539,49.1,54.7,11.7,10.4,0.502,14.7,33.2,0.314
198,New Hampshire Wildcats,11,4,7,0.364,-15.28,-1.95,,,,,4,1,,0,6,,763,773,,69.4,98.8,0.248,0.401,0.495,49.6,42.5,10.1,8,0.466,13.9,28,0.174
199,New Haven Chargers,11,5,6,0.455,-12.95,-0.45,,,,,4,2,,1,4,,753,728,,66.5,102.9,0.277,0.384,0.526,51.5,48.4,12.4,7.8,0.506,15.5,29.6,0.18
200,New Mexico Lobos,11,9,2,0.818,11.37,2.57,,,,,7,0,,1,1,,896,758,,71.9,113.3,0.389,0.476,0.573,52,55.6,11.3,11.3,0.529,14.3,30.9,0.3
201,New Mexico State Aggies,9,6,3,0.667,1.85,-1.72,,,,,4,0,,0,1,,662,610,,69.4,105.9,0.408,0.37,0.526,53.1,52.5,11.7,10.7,0.481,14.7,35,0.29
202,New Orleans Privateers,11,3,8,0.273,-5.59,6.23,,1,1,,1,1,,2,7,,791,921,,70.6,100.7,0.381,0.383,0.534,49.3,55.3,8.3,10.4,0.49,18.7,32.2,0.281
203,Niagara Purple Eagles,11,2,9,0.182,-21.7,-6.25,,0,2,,1,1,,1,7,,672,842,,65.8,92.9,0.311,0.396,0.5,43.3,57.8,9.3,9.5,0.462,16.7,22.2,0.222
204,Nicholls Colonels,10,3,7,0.3,-5.69,3.31,,2,0,,3,0,,0,7,,749,762,,71.3,105.1,0.342,0.437,0.527,47.3,51.3,14.4,6.3,0.5,13.5,28.9,0.226
205,NJIT Highlanders,12,4,8,0.333,-19.52,-5.1,,,,,2,2,,2,6,,757,930,,69.8,90.3,0.34,0.487,0.488,44.8,51.4,6.4,8.1,0.449,18.4,24.8,0.237
206,Norfolk State Spartans,12,4,8,0.333,-7.36,3.97,,,,,4,1,,0,6,,921,880,,71.2,107.9,0.346,0.276,0.527,52.6,38.4,10.3,10.5,0.506,13.4,34.3,0.214
207,North Alabama Lions,10,5,5,0.5,-8.59,-1.46,,,,,3,1,,2,4,,721,740,,66.7,106.7,0.348,0.351,0.525,50.6,44.5,10.2,13.7,0.491,13.9,32.7,0.243
208,North Carolina Tar Heels,11,10,1,0.909,20.67,4.04,,,,,8,0,,1,0,,888,705,,69,116.9,0.418,0.426,0.573,56.3,59.7,7.8,9.6,0.542,12.6,34.9,0.291
209,North Carolina A&T Aggies,10,6,4,0.6,-9.88,-9.54,,,,,3,0,,3,3,,747,744,,71.3,104.8,0.551,0.328,0.542,53.3,48.8,9.1,10.9,0.492,17,33,0.385
210,North Carolina Central Eagles,13,4,9,0.308,-17.22,7.56,,,,,4,1,,0,8,,945,1014,,71.5,101.7,0.383,0.332,0.512,45.9,59.4,13.7,11,0.466,14.6,30,0.279
211,North Dakota Fighting Hawks,14,5,9,0.357,-13.52,-2.19,,,,,3,4,,2,4,,1050,1070,,72,103.3,0.349,0.386,0.52,47.8,44.6,13.8,8.1,0.488,13.8,29.5,0.236
212,North Dakota State Bison,13,10,3,0.769,1.01,-3.89,,,,,6,0,,3,3,,1074,903,,71.8,113.9,0.334,0.414,0.559,52.1,55.5,13.8,8.5,0.524,12.7,33.1,0.248
213,North Florida Ospreys,11,2,9,0.182,-16.68,5.43,,,,,2,1,,0,6,,878,978,,75.1,106.3,0.261,0.505,0.56,42.6,51.9,9.3,3.5,0.533,16.2,26.9,0.194
214,North Texas Mean Green,12,8,4,0.667,-0.47,-1.84,,,,,6,1,,1,2,,820,771,,66.2,102.1,0.443,0.372,0.532,49.6,58.4,13.2,15.8,0.489,16.7,31.2,0.309
215,Northeastern Huskies,9,4,5,0.444,-5.11,-3.89,,,,,1,2,,2,3,,649,660,,69.9,101.7,0.346,0.36,0.536,49.3,53.4,11.8,11,0.502,16.8,27.8,0.244
216,Northern Arizona Lumberjacks,11,5,6,0.455,-6.19,1.37,,,,,5,1,,0,4,,799,806,,70.2,103.4,0.299,0.328,0.534,47.9,47.7,12.3,9,0.512,14.5,26.4,0.195
217,Northern Colorado Bears,11,9,2,0.818,2.07,-1.68,,,,,4,0,,4,1,,964,823,,70.2,120.7,0.296,0.473,0.625,55.1,60.5,6.4,5.4,0.6,14.3,30.4,0.226
218,Northern Illinois Huskies,11,4,7,0.364,-13.18,-0.07,,,,,3,1,,1,6,,852,867,,71.5,108.3,0.387,0.439,0.536,53.4,53.6,9.2,4.9,0.506,17.3,39.6,0.256
219,Northern Iowa Panthers,11,9,2,0.818,9.03,-0.67,,1,0,,6,1,,2,0,,796,634,,65.3,108.4,0.288,0.426,0.563,48.6,65.2,12.1,12.5,0.543,12.8,21.5,0.193
220,Northern Kentucky Norse,13,9,4,0.692,-2.63,-4.13,,1,2,,7,1,,2,3,,1106,967,,73.3,116.1,0.317,0.433,0.581,52.3,53.4,13.7,12.1,0.554,15,36.7,0.229
221,Northwestern Wildcats,11,7,4,0.636,12.6,0.96,,0,2,,5,1,,1,1,,909,781,,69,119.8,0.421,0.336,0.597,50.7,63.4,8.4,10.3,0.561,12.1,32,0.312
222,Northwestern State Demons,10,2,8,0.2,-12.89,2.11,,1,1,,1,1,,1,7,,708,823,,67.4,103.7,0.409,0.379,0.553,44.8,52.1,10,6.8,0.508,17.3,27.5,0.304
223,Notre Dame Fighting Irish,12,9,3,0.75,13.02,3.77,,,,,7,0,,1,1,,928,817,,66.3,115.5,0.333,0.413,0.583,54.9,48.5,7.5,5.8,0.558,15,32.8,0.234
224,Oakland Golden Grizzlies,12,6,6,0.5,1.44,7.81,,2,0,,3,0,,2,6,,1009,1013,,73.7,114,0.352,0.328,0.57,48.2,53.3,10.2,7.7,0.538,12.5,28.2,0.256
225,Ohio Bobcats,11,5,6,0.455,-1.36,4.54,,,,,4,2,,0,2,,842,868,,71,106.6,0.343,0.354,0.54,48.4,48.2,8.2,7.8,0.512,14.2,30,0.233
226,Ohio State Buckeyes,10,8,2,0.8,16.16,1.46,,1,1,,6,1,,1,1,,876,729,,70.3,121.5,0.416,0.422,0.624,54.4,57,7.4,5.8,0.585,13.8,31.1,0.324
227,Oklahoma Sooners,11,8,3,0.727,12.19,1.47,,,,,5,0,,1,1,,936,818,,70.8,120.2,0.342,0.467,0.572,53,54.8,9.6,10.7,0.54,11.5,35.1,0.25
228,Oklahoma State Cowboys,11,10,1,0.909,14.26,1.8,,,,,8,0,,0,0,,989,852,,77.2,116.4,0.401,0.344,0.588,54.5,52.1,9.5,9.6,0.55,14.9,33.2,0.302
229,Old Dominion Monarchs,12,4,8,0.333,-5.61,1.3,,1,0,,4,0,,0,8,,891,927,,70.7,105,0.342,0.396,0.537,48.6,51.3,8.2,9.1,0.496,14.3,27.1,0.256
230,Omaha Mavericks,13,6,7,0.462,-7.59,1.08,,,,,5,1,,1,4,,1017,1001,,69.5,112.6,0.317,0.427,0.577,51.7,52.5,9.3,8.5,0.549,15.1,30.4,0.23
231,Oral Roberts Golden Eagles,14,5,9,0.357,-7.48,4.34,,,,,4,2,,0,6,,1048,1079,,71.9,104.1,0.399,0.478,0.557,48.7,47.8,9.3,8.9,0.509,18.3,29.5,0.307
232,Oregon Ducks,11,6,5,0.545,13.06,9.23,,0,2,,6,1,,0,1,,854,810,,70,111,0.422,0.442,0.546,53.8,58.2,9.4,11.8,0.504,15.6,38.8,0.302
233,Oregon State Beavers,12,6,6,0.5,-0.04,-0.29,,,,,6,2,,0,1,,874,871,,67.3,106.1,0.435,0.475,0.571,47,58.1,9.1,13,0.521,16.8,24.9,0.338
234,Pacific Tigers,12,8,4,0.667,2.88,0.78,,,,,4,0,,2,4,,897,795,,67.1,111.3,0.284,0.375,0.57,56.5,52.1,8.4,8.9,0.539,16.4,35.5,0.216
235,Penn State Nittany Lions,11,8,3,0.727,4.96,-1.67,,0,2,,6,1,,1,1,,892,819,,68.6,118.3,0.363,0.335,0.585,50.1,47.8,12.1,5.1,0.555,11.3,30.6,0.262
236,Pennsylvania Quakers,10,6,4,0.6,-7.05,-3.28,,,,,5,1,,1,2,,792,779,,72.1,109.9,0.401,0.332,0.546,50.7,57.2,9,8.5,0.511,14.4,33.5,0.278
237,Pepperdine Waves,12,4,8,0.333,-7.17,-1.27,,,,,3,4,,1,3,,884,898,,68.2,106.9,0.324,0.395,0.542,52.7,55.9,8.1,7.8,0.499,16,35.9,0.254
238,Pittsburgh Panthers,12,6,6,0.5,5.37,1.46,,,,,6,3,,0,2,,882,835,,65.5,112.3,0.337,0.416,0.555,53.2,51,10.1,11.2,0.527,15.1,35.9,0.234
239,Portland Pilots,12,7,5,0.583,-1.91,1.99,,,,,7,2,,0,3,,1001,986,,75.9,108.7,0.384,0.325,0.587,52.7,65.6,8.9,10.5,0.555,17.8,29.9,0.277
240,Portland State Vikings,10,6,4,0.6,-2.71,-0.99,,,,,4,1,,2,3,,821,712,,72.4,113.4,0.317,0.357,0.568,54.6,56.4,11,11.3,0.546,15.6,36.6,0.215
241,Prairie View A&M Panthers,10,4,6,0.4,-13.56,0.86,,,,,3,0,,0,5,,822,773,,77.1,106.6,0.386,0.288,0.544,47.7,40,13.9,11.5,0.498,14.2,28.9,0.292
242,Presbyterian Blue Hose,13,6,7,0.462,-10.43,-3.25,,,,,4,1,,1,6,,868,875,,65,102.7,0.376,0.331,0.528,54.2,53.5,9.5,11.3,0.496,18,37,0.254
243,Princeton Tigers,13,3,10,0.231,-9.75,-1.5,,,,,3,1,,0,5,,891,949,,68,100.8,0.33,0.483,0.521,51.1,57,7.2,5.4,0.488,16,28,0.23
244,Providence Friars,12,7,5,0.583,9.08,2.08,,0,1,,6,0,,0,2,,1100,1016,,74.2,119.8,0.322,0.422,0.598,51.1,53.4,9.6,12.9,0.563,12.9,31,0.255
245,Purdue Boilermakers,11,10,1,0.909,25.92,8.37,,2,0,,6,1,,2,0,,931,738,,67.2,125.9,0.283,0.384,0.604,58.3,65.3,7.8,11.6,0.581,12.9,42.3,0.209
246,Purdue Fort Wayne Mastodons,13,7,6,0.538,-6.34,0.76,,2,1,,7,0,,0,6,,1116,1023,,73.9,116.2,0.274,0.425,0.59,47.1,49.2,14.1,11.1,0.569,12.5,25.8,0.196
247,Queens University Royals,12,5,7,0.417,-5.08,-0.18,,,,,5,0,,0,6,,1008,1051,,71.5,116.3,0.338,0.494,0.592,47.6,57.3,7.3,7.8,0.565,14.6,31.7,0.246
248,Quinnipiac Bobcats,12,9,3,0.75,-1.16,-2.71,,2,0,,5,1,,4,2,,958,881,,73,109.4,0.286,0.333,0.54,50.8,49.4,13,12.1,0.515,13.5,34,0.197
249,Radford Highlanders,13,5,8,0.385,-8.74,-3.38,,,,,5,2,,0,4,,1053,1047,,74.7,108.4,0.351,0.499,0.542,48.7,53.2,11.4,10.3,0.511,14.7,32.1,0.241
250,Rhode Island Rams,12,8,4,0.667,5.51,-2.32,,,,,5,1,,1,1,,892,798,,67.1,110.8,0.405,0.426,0.569,51.1,45.9,14.7,10.9,0.527,16.7,34.5,0.303
251,Rice Owls,12,6,6,0.5,-3.87,0.63,,,,,5,2,,0,3,,928,855,,69.4,109.2,0.383,0.403,0.542,52,52.4,10.7,10.8,0.509,15.2,34.9,0.264
252,Richmond Spiders,11,9,2,0.818,7.26,-4.14,,,,,7,0,,1,1,,926,784,,72.2,115.3,0.412,0.432,0.587,53.2,56.6,10.6,8.8,0.548,14.2,29.7,0.306
253,Rider Broncs,10,1,9,0.1,-20.95,-0.72,,0,2,,1,2,,0,7,,586,736,,67.1,87.4,0.312,0.295,0.448,50.3,38.8,8.4,10.6,0.404,18,33.6,0.221
254,Robert Morris Colonials,13,9,4,0.692,-2.64,-2.82,,2,1,,7,0,,2,4,,991,919,,66.5,111.4,0.251,0.374,0.54,55.4,57.1,9.6,7.7,0.519,15.2,41.2,0.171
255,Rutgers Scarlet Knights,11,5,6,0.455,0.59,4.77,,0,2,,4,2,,0,2,,758,804,,67,102.9,0.399,0.338,0.512,49.9,47.7,8.5,9.1,0.47,15.2,34.6,0.278
256,Sacramento State Hornets,10,4,6,0.4,-8.89,5.11,,,,,4,1,,0,5,,764,780,,74.2,103,0.395,0.393,0.523,49.7,57.2,9.4,12.6,0.472,14.9,29.9,0.298
257,Sacred Heart Pioneers,11,4,7,0.364,-13.2,-5.5,,1,1,,2,1,,2,6,,854,874,,70,109.7,0.275,0.517,0.567,50,57.5,11.2,6.2,0.535,16.8,32.7,0.213
258,Saint Francis PA Red Flash,12,2,10,0.167,-24.77,2.53,,,,,2,1,,0,7,,821,1010,,73.2,93.4,0.215,0.373,0.494,48,51.9,10.7,8.2,0.468,17.5,29,0.153
259,Saint Josephs Hawks,11,7,4,0.636,-7.72,-7.22,,,,,5,0,,0,4,,826,792,,70.7,106.2,0.345,0.426,0.527,53.6,61.5,8.7,13.7,0.479,15.3,37.1,0.269
260,Saint Louis Billikens,11,10,1,0.909,22.56,-1.72,,,,,8,0,,1,0,,1021,754,,75.1,123.6,0.364,0.432,0.631,58.9,58.4,10.9,7.9,0.596,15.6,37.5,0.287
261,Saint Marys CA Gaels,11,9,2,0.818,18.07,6.07,,,,,6,0,,1,0,,877,703,,68.1,117,0.414,0.341,0.586,57.7,53.1,8.4,9.1,0.536,14.9,38,0.331
262,Saint Peters Peacocks,9,4,5,0.444,-9.82,-5.71,,2,0,,4,1,,0,4,,611,648,,66.1,101.4,0.322,0.444,0.496,46,51.2,15.9,9.5,0.446,14.1,31.9,0.253
263,Sam Houston Bearkats,10,7,3,0.7,7.96,5.21,,,,,3,0,,2,3,,862,753,,73.9,116.7,0.325,0.397,0.567,55.1,52.8,10.7,10.4,0.529,14,39.9,0.252
264,Samford Bulldogs,12,6,6,0.5,-8.7,-2.07,,,,,3,1,,2,4,,919,937,,69.9,107.3,0.401,0.473,0.53,48.4,52.5,7,7.6,0.496,11.8,26.4,0.271
265,San Diego Toreros,10,4,6,0.4,-5.41,-0.63,,,,,4,3,,0,2,,744,758,,69.9,106.5,0.278,0.441,0.55,46.7,58.2,11.7,10.7,0.514,16.3,32,0.218
266,San Diego State Aztecs,9,6,3,0.667,13.98,6.64,,1,0,,5,1,,0,0,,736,670,,70.2,113.4,0.362,0.356,0.589,51.4,60.2,11.6,15.4,0.553,16.8,33.7,0.274
267,San Francisco Dons,12,7,5,0.583,5.3,2.94,,,,,4,1,,0,2,,906,835,,67.1,112.5,0.368,0.484,0.572,52.3,59.2,8.2,10.5,0.542,14.8,33.1,0.26
268,San Jose State Spartans,11,5,6,0.455,-0.88,2.42,,,,,4,2,,0,3,,833,812,,66.7,112.3,0.345,0.345,0.556,50.4,42.1,9.6,5.6,0.524,15,36.5,0.245
269,Santa Clara Broncos,12,9,3,0.75,12.92,5.19,,,,,6,0,,1,1,,950,835,,69.9,113.3,0.244,0.456,0.541,53.8,61.3,12.3,14.9,0.521,14.5,40.3,0.165
270,Seattle Redhawks,11,9,2,0.818,5.75,-2.25,,,,,6,1,,2,0,,912,731,,70.6,117.5,0.366,0.35,0.61,53.4,50.9,12.6,14.6,0.59,15.6,33.1,0.251
271,Seton Hall Pirates,11,10,1,0.909,14.65,-0.26,,,,,7,0,,1,0,,842,678,,67.3,113.8,0.354,0.306,0.557,52,56.3,16.2,21.8,0.515,13.3,34.9,0.27
272,Siena Saints,12,9,3,0.75,-2.19,-9.36,,2,0,,4,1,,3,2,,844,758,,65.4,107.6,0.357,0.309,0.539,53.1,51.5,11.1,8.9,0.504,14.4,33.3,0.254
273,South Alabama Jaguars,12,9,3,0.75,-7.21,-9.12,,1,0,,2,1,,4,2,,909,839,,67.3,110.3,0.391,0.343,0.557,50,44.8,12,10,0.529,12.4,28.7,0.263
274,South Carolina Gamecocks,11,7,4,0.636,9.06,-1.12,,,,,7,1,,0,1,,862,750,,67.9,112.9,0.361,0.482,0.565,51.5,56,7.2,5.8,0.522,12.6,28.4,0.28
275,South Carolina State Bulldogs,12,0,12,0,-25.36,-2.27,,,,,0,2,,0,10,,785,1062,,71.8,91.1,0.367,0.316,0.47,45,46.5,9.1,8.9,0.435,17.6,31.7,0.233
276,South Carolina Upstate Spartans,14,8,6,0.571,-4.49,-2.31,,,,,6,1,,2,5,,1115,984,,71.2,110.9,0.353,0.396,0.558,50.9,51.4,9.7,12.1,0.531,14,29.9,0.242
277,South Dakota Coyotes,13,7,6,0.538,-7.37,-4.01,,,,,6,2,,0,4,,1092,1064,,73.2,112.5,0.48,0.305,0.552,52.8,38.4,9.8,6.5,0.504,14.7,38.1,0.347
278,South Dakota State Jackrabbits,13,7,6,0.538,0.34,0.44,,,,,4,1,,2,2,,963,878,,68.6,108.1,0.351,0.418,0.553,54.4,53.8,9.3,7.5,0.522,15.3,31.6,0.245
279,South Florida Bulls,11,6,5,0.545,11.71,4.53,,,,,4,0,,1,2,,979,900,,76,115.8,0.449,0.44,0.551,51.9,56.3,12.8,13.1,0.501,13,39.1,0.336
280,Southeast Missouri Redhawks,12,5,7,0.417,-5.48,3.41,,0,1,,3,2,,1,5,,937,917,,74.3,105,0.325,0.371,0.538,50.6,46.4,9.4,8.9,0.506,14.7,29.6,0.231
281,Southeastern Louisiana Lions,11,4,7,0.364,-11.85,-5.85,,1,2,,1,2,,1,5,,722,756,,67,96.9,0.382,0.423,0.505,47.7,57.1,12.7,8.3,0.461,16.5,27.3,0.271
282,Southern University Jaguars,11,4,7,0.364,-8.87,4.26,,,,,3,0,,1,7,,957,880,,76.6,111.1,0.355,0.342,0.567,50.9,50,14.2,9.5,0.543,15.4,32.4,0.24
283,Southern California Trojans,12,11,1,0.917,15.21,3.21,,1,1,,5,1,,2,0,,1060,916,,73.1,117.2,0.533,0.352,0.6,51.4,57.6,8.6,16.7,0.554,14.5,32.6,0.396
284,Southern Illinois Salukis,12,6,6,0.5,2.78,-0.04,,0,1,,4,1,,1,4,,955,883,,71.7,108.8,0.362,0.273,0.556,53.2,50.3,11.2,9.4,0.53,15.5,33.3,0.243
285,SIU Edwardsville Cougars,12,7,5,0.583,-8.86,-6.75,,0,1,,3,2,,3,3,,933,803,,69.1,111.4,0.309,0.358,0.539,52.4,49.7,12.8,12.2,0.514,13,34.1,0.208
286,Southern Indiana Screaming Eagles,11,3,8,0.273,-18.37,-6.26,,0,1,,2,2,,1,4,,799,854,,73.2,99.2,0.349,0.44,0.498,47.3,47.8,9.1,11.3,0.474,14,27.9,0.214
287,SMU Mustangs,11,9,2,0.818,16.37,4.91,,,,,7,0,,1,1,,975,849,,74,117.1,0.397,0.318,0.582,52.3,55.7,11.3,9.6,0.539,13.3,34.5,0.305
288,Southern Miss Golden Eagles,12,7,5,0.583,-2.88,-2.78,,1,0,,4,0,,1,4,,908,850,,69.3,108.1,0.406,0.318,0.548,54.2,47.7,11.1,12.4,0.511,15.6,34.4,0.287
289,Southern Utah Thunderbirds,13,4,9,0.308,-17.62,2.48,,,,,3,1,,0,8,,1010,1053,,74.1,104.9,0.269,0.377,0.543,50.7,51.6,7.8,9.9,0.515,15.8,28.8,0.195
290,St Bonaventure Bonnies,12,10,2,0.833,5.45,-0.19,,,,,6,0,,2,0,,927,825,,67.8,112.8,0.275,0.304,0.556,54.2,57.2,12.2,14.3,0.526,15.4,38.7,0.206
291,St Johns Red Storm,10,7,3,0.7,24.98,9.38,,1,0,,6,1,,0,0,,879,723,,74.9,117.4,0.46,0.367,0.583,52.4,54.7,11.5,13.4,0.542,14.8,37.8,0.336
292,St Thomas Tommies,13,9,4,0.692,2.72,-1.01,,,,,5,0,,3,3,,1014,914,,70.5,110.7,0.32,0.463,0.582,47.3,56.1,12.7,7.8,0.558,12.7,19.5,0.225
293,Stanford Cardinal,11,9,2,0.818,10.34,0.61,,,,,6,2,,1,0,,899,792,,71.7,114,0.422,0.413,0.56,54.6,48,11.7,9.1,0.518,13.9,36,0.308
294,Stephen F Austin Lumberjacks,10,8,2,0.8,4.65,-4.8,,2,0,,6,0,,2,2,,790,678,,69,114.5,0.287,0.392,0.545,51.9,50,9.3,12.3,0.531,11.8,34,0.176
295,Stetson Hatters,12,4,8,0.333,-16.78,-1.78,,,,,4,1,,0,6,,840,942,,70,100,0.317,0.448,0.523,48.3,54.5,9.6,5.6,0.503,17,28.7,0.198
296,Stonehill Skyhawks,12,3,9,0.25,-16.22,-4.52,,,,,3,1,,0,7,,836,860,,70.2,98.2,0.239,0.397,0.521,53.4,52.6,6.9,10.4,0.498,18,29.7,0.165
297,Stony Brook Seawolves,12,8,4,0.667,-4.6,-4.4,,,,,6,1,,1,2,,878,809,,68.1,106.3,0.289,0.428,0.535,48.7,52.6,11.1,11,0.504,14.3,29.1,0.208
298,Syracuse Orange,11,7,4,0.636,9.49,1.31,,,,,6,1,,0,0,,802,712,,68,106.1,0.372,0.375,0.533,48.9,50.7,10.7,17.5,0.519,14,30.1,0.216
299,Tarleton State Texans,12,8,4,0.667,-1.77,1.35,,,,,6,0,,2,4,,970,867,,74.6,108.3,0.397,0.278,0.57,52.3,47.2,15,10.6,0.524,17.7,34.4,0.307
300,TCU Horned Frogs,11,8,3,0.727,14.08,2.44,,,,,5,3,,1,0,,849,721,,69.6,109.7,0.379,0.373,0.549,52.4,54.9,11.9,15.3,0.513,13.9,33.2,0.27
301,Temple Owls,12,7,5,0.583,0.17,-2.84,,,,,5,1,,1,1,,946,867,,66.8,117.9,0.473,0.375,0.587,50.1,52.2,7.7,12.5,0.545,11.4,27.1,0.348
302,Tennessee Volunteers,11,8,3,0.727,22.34,6.88,,,,,6,0,,0,1,,892,722,,69,117.4,0.364,0.346,0.568,58.4,65.1,10.9,11.9,0.535,15.4,44.7,0.261
303,Tennessee State Tigers,11,7,4,0.636,-6.4,0.97,,1,0,,3,0,,3,4,,873,822,,76.4,103.9,0.335,0.313,0.526,53.9,45.4,14.2,7.8,0.485,16.5,35.8,0.25
304,Tennessee Tech Golden Eagles,12,6,6,0.5,-4.77,3.12,,1,0,,4,1,,2,5,,974,931,,75.5,107.5,0.371,0.381,0.571,51.3,52.5,10.4,10.2,0.535,16.9,29.1,0.273
305,Tennessee Martin Skyhawks,12,8,4,0.667,-4.81,-3.04,,0,1,,5,0,,2,3,,906,798,,71.5,105.6,0.419,0.461,0.539,56.9,59.2,13.1,13,0.509,18.8,39.1,0.275
306,Texas Longhorns,12,8,4,0.667,15.41,1.59,,,,,6,1,,0,1,,1049,856,,71.7,121.9,0.461,0.378,0.596,58.7,47.5,8.7,8.2,0.561,13.8,39.3,0.331
307,Texas A&M Aggies,11,8,3,0.727,12.66,-3.52,,,,,6,1,,1,1,,1022,844,,74.8,122.8,0.437,0.479,0.602,53.6,70.7,12.4,8.8,0.56,13.6,36.1,0.333
308,Texas A&M CC Islanders,10,4,6,0.4,-4.71,7.87,,1,1,,3,0,,1,6,,747,708,,73,102.3,0.34,0.332,0.52,52.2,55.9,11.1,10.5,0.493,15.3,30.6,0.223
309,Texas Southern Tigers,9,1,8,0.111,-17.02,10.6,,,,,1,2,,0,6,,641,804,,74.3,94.5,0.379,0.306,0.51,45.5,37.3,8.3,8.7,0.473,18.2,26.4,0.257
310,Texas State Bobcats,13,7,6,0.538,-10.32,-6.86,,0,1,,7,1,,0,3,,965,892,,69.2,106.2,0.36,0.241,0.549,54.5,50.9,13.5,13,0.511,17.3,35.9,0.265
311,Texas Tech Red Raiders,11,8,3,0.727,20.44,10.71,,,,,6,0,,0,1,,920,813,,69.9,119.6,0.322,0.459,0.569,51.9,54.9,10,9.3,0.549,11.9,35.8,0.215
312,Texas Rio Grande Valley Vaqueros,10,4,6,0.4,-0.06,3.28,,1,1,,2,1,,2,5,,747,720,,69.5,107.6,0.245,0.395,0.558,49.6,54,9.4,7.5,0.536,14.7,27.1,0.173
313,The Citadel Bulldogs,12,3,9,0.25,-17.41,-2.97,,,,,3,3,,0,5,,858,906,,66.3,107.9,0.268,0.494,0.526,49.4,50,7.7,5.8,0.506,12.4,30.1,0.176
314,Toledo Rockets,11,5,6,0.455,-0.18,1.52,,,,,3,2,,1,3,,895,868,,71.6,113.7,0.309,0.331,0.564,49.4,55.2,11.1,8.1,0.525,13.2,32.1,0.243
315,Towson Tigers,11,6,5,0.545,0.07,4.27,,,,,3,0,,0,4,,752,755,,64.9,105.3,0.265,0.367,0.503,55.6,38.5,10.2,9.4,0.478,14,38.2,0.176
316,Troy Trojans,12,7,5,0.583,-1.41,-0.31,,,,,2,1,,4,3,,1068,960,,73.1,112.4,0.38,0.445,0.571,52,56.3,12.4,7.4,0.535,15.1,33.9,0.277
317,Tulane Green Wave,12,8,4,0.667,-5.58,-2.12,,,,,6,2,,1,0,,891,917,,68,108.1,0.468,0.435,0.561,44.9,54.2,12.3,14.2,0.506,13.1,22.8,0.358
318,Tulsa Golden Hurricane,11,10,1,0.909,14.15,-0.18,,,,,5,0,,1,1,,990,767,,69.7,129.2,0.433,0.479,0.626,58.3,58.9,9.8,6.8,0.584,12.7,38.2,0.341
319,UAB Blazers,12,8,4,0.667,4.74,-3.08,,,,,5,2,,1,2,,1010,868,,72.6,115.9,0.367,0.32,0.542,56.9,49,11.8,10,0.509,11.2,38.1,0.256
320,UC Davis Aggies,10,5,5,0.5,-0.79,2.33,,0,1,,4,1,,1,4,,756,757,,71.7,105.5,0.382,0.429,0.571,47.2,57.5,10.9,7.9,0.536,17.4,26.9,0.279
321,UC Irvine Anteaters,11,7,4,0.636,4.46,1.24,,2,0,,5,2,,1,1,,875,703,,72.6,108.3,0.403,0.274,0.544,53.3,60.3,9.7,16.1,0.515,14.6,32.8,0.267
322,UC Riverside Highlanders,12,6,6,0.5,-8.07,-0.47,,1,1,,3,1,,3,5,,896,906,,69.6,107.2,0.353,0.389,0.562,51.1,47.9,7.2,10,0.529,16.4,29.4,0.253
323,UC San Diego Tritons,11,10,1,0.909,10.31,-0.3,,1,0,,3,0,,3,1,,911,773,,69.9,118.5,0.352,0.425,0.6,52,54.2,11.2,5.6,0.583,13.4,28.9,0.235
324,UC Santa Barbara Gauchos,12,8,4,0.667,-0.01,-1.81,,2,0,,5,1,,1,2,,953,869,,67.2,115.8,0.434,0.378,0.583,55.6,53.6,11.1,8.5,0.538,15.4,36.4,0.331
325,UCF Knights,10,9,1,0.9,14.59,1.19,,,,,7,1,,1,0,,873,739,,71.4,122.3,0.34,0.338,0.591,57.2,56.1,7.3,9.5,0.558,14.1,42.4,0.256
326,UCLA Bruins,11,8,3,0.727,16.53,6.26,,2,0,,7,0,,1,0,,857,744,,67,116.2,0.361,0.342,0.582,51.2,59.3,10,12.2,0.548,13.6,33.7,0.266
327,UNC Asheville Bulldogs,13,6,7,0.462,-3.87,0.43,,,,,5,3,,0,4,,985,947,,69.2,108.5,0.385,0.37,0.579,52.2,47.1,8.5,6.5,0.549,18.2,31.7,0.271
328,UNC Greensboro Spartans,12,3,9,0.25,-9.99,0.46,,,,,1,3,,1,3,,888,975,,69.9,104.8,0.434,0.406,0.54,47.2,48.1,7.1,5.2,0.504,14.1,25.5,0.295
329,UNC Wilmington Seahawks,11,10,1,0.909,3.68,-8.02,,,,,7,0,,3,1,,880,734,,67.3,118.9,0.446,0.375,0.562,57.3,50.3,7,5.3,0.526,12.9,41.1,0.31
330,UT Arlington Mavericks,11,7,4,0.636,-1.89,0.11,,,,,4,0,,3,3,,803,714,,69.9,104.4,0.375,0.312,0.539,56.5,51.5,11.2,11.6,0.507,18,38.7,0.256
331,Utah Utes,11,7,4,0.636,3.59,1.86,,,,,6,1,,0,1,,888,869,,71,112.4,0.399,0.416,0.575,50.1,53,8.4,9.6,0.536,14.6,30.1,0.296
332,Utah State Aggies,10,9,1,0.9,16,3.45,,,,,4,0,,1,1,,845,676,,70,119.2,0.346,0.384,0.606,53.9,61,15.7,10.2,0.58,15,35.9,0.25
333,Utah Tech Trailblazers,12,6,6,0.5,-5.77,-0.21,,,,,4,1,,1,4,,947,863,,71.1,107.6,0.329,0.411,0.559,50.1,49.4,10.7,7.1,0.527,15.6,29.6,0.237
334,Utah Valley Wolverines,12,9,3,0.75,12.69,4.29,,,,,5,0,,1,3,,980,784,,70.9,115.2,0.309,0.362,0.603,55.2,64.5,14,16.7,0.582,17.9,37.1,0.219
335,UTEP Miners,9,3,6,0.333,-5.45,7.22,,,,,3,1,,0,3,,649,645,,69,103.1,0.335,0.328,0.521,46.9,47.1,12.9,11.9,0.493,15.2,30,0.222
336,UTSA Roadrunners,11,4,7,0.364,-14.76,0.57,,,,,2,2,,1,4,,787,825,,72.4,98.9,0.309,0.423,0.483,49.3,46.6,10.4,12.4,0.454,14.1,32.8,0.198
337,Valparaiso Beacons,11,6,5,0.545,-3.67,-2.87,,,,,5,2,,1,3,,801,769,,67.9,106,0.337,0.393,0.508,50.7,49.3,9.7,12.5,0.472,13.2,35,0.236
338,Vanderbilt Commodores,11,11,0,1,24.43,3.34,,,,,6,0,,2,0,,1031,799,,74.4,124.6,0.382,0.461,0.615,54.9,59.9,13.8,14.4,0.582,12.3,33.6,0.291
339,Vermont Catamounts,13,8,5,0.615,-2.21,-2.3,,,,,4,1,,3,2,,1015,956,,65.9,116.2,0.331,0.463,0.594,53.8,52.1,7.2,8.6,0.563,13.7,28.7,0.249
340,Villanova Wildcats,10,8,2,0.8,15.51,3.21,,,,,6,0,,1,1,,804,681,,65.7,122.4,0.299,0.475,0.581,54,57.3,10.8,4.8,0.559,12.8,39.2,0.208
341,Virginia Cavaliers,10,9,1,0.9,18.25,-1.35,,,,,6,0,,1,0,,871,675,,68,128.1,0.415,0.457,0.604,56.9,57.5,10,17.9,0.58,12.5,41.9,0.287
342,VCU Rams,12,8,4,0.667,15.02,1.19,,,,,6,1,,0,1,,1026,860,,71.7,119.2,0.443,0.468,0.583,52.6,56.3,11.4,12.2,0.546,14.4,36.3,0.319
343,VMI Keydets,12,5,7,0.417,-18.58,-3.24,,,,,4,1,,1,4,,925,894,,71.1,108.5,0.29,0.548,0.529,48.2,51,11.4,7.8,0.499,12.5,30.8,0.206
344,Virginia Tech Hokies,12,10,2,0.833,13.31,2.06,,,,,7,0,,1,0,,998,863,,69.9,116.5,0.328,0.383,0.566,50.1,54.7,10.6,11.1,0.539,10.9,30.7,0.231
345,Wagner Seahawks,10,4,6,0.4,-9.57,-1.32,,,,,3,0,,1,6,,772,780,,70.3,105.9,0.299,0.38,0.551,52.3,51.6,8.1,7.7,0.528,17.7,34.3,0.204
346,Wake Forest Demon Deacons,12,9,3,0.75,15.43,2.43,,,,,7,1,,0,0,,1024,868,,72.8,116,0.361,0.432,0.576,51.2,55.4,13.1,12.9,0.538,13.6,34.3,0.273
347,Washington Huskies,10,7,3,0.7,13.41,2.11,,1,1,,4,1,,2,1,,847,734,,70.2,117.7,0.385,0.332,0.558,56,48.6,8.8,11.7,0.515,12.4,38.8,0.292
348,Washington State Cougars,12,4,8,0.333,2.37,4.73,,,,,2,3,,0,3,,906,927,,69.4,108.8,0.336,0.447,0.578,53.6,47.6,8.9,9.1,0.543,17,30.5,0.254
349,Weber State Wildcats,11,5,6,0.455,-0.84,-0.34,,,,,4,1,,1,5,,903,816,,73.4,110.5,0.317,0.339,0.55,54.6,50.5,9.8,5.6,0.524,14.8,35.1,0.219
350,West Georgia Wolves,11,6,5,0.545,-9.09,0.03,,,,,4,2,,2,3,,841,865,,71.2,105,0.275,0.324,0.521,49.6,48.2,10,13.2,0.494,14.2,32.2,0.189
351,West Virginia Mountaineers,12,8,4,0.667,10.15,-4.27,,,,,8,0,,0,0,,904,731,,65.3,113,0.43,0.417,0.555,53.6,55.4,11.1,10.2,0.521,13.8,32.8,0.294
352,Western Carolina Catamounts,11,4,7,0.364,-10.71,6.85,,,,,4,0,,0,7,,850,895,,74.3,104,0.276,0.398,0.53,53.2,47.6,10.4,9.1,0.505,16.4,33.4,0.189
353,Western Illinois Leathernecks,12,4,8,0.333,-19.96,-4.07,,0,1,,3,2,,1,6,,826,911,,66.9,101.9,0.351,0.303,0.506,51,32.6,8.1,6.9,0.473,15.2,34.4,0.234
354,Western Kentucky Hilltoppers,10,7,3,0.7,4.48,2.98,,,,,5,0,,1,1,,848,763,,74.5,112.5,0.447,0.348,0.543,52.4,48.9,11.5,8.1,0.493,12.5,33.7,0.331
355,Western Michigan Broncos,11,5,6,0.455,-9.38,-4.18,,,,,4,1,,1,5,,818,874,,72.1,103.1,0.328,0.335,0.542,52.1,50.5,6.4,7.6,0.506,17.7,30.3,0.24
356,Wichita State Shockers,12,7,5,0.583,10.78,2.41,,,,,6,1,,1,1,,925,807,,65.4,116.6,0.391,0.352,0.547,55.3,41.4,8.6,10.5,0.513,12.4,40.6,0.272
357,William & Mary Tribe,12,9,3,0.75,5.33,1.73,,,,,4,0,,3,3,,1042,912,,77.7,111.8,0.418,0.441,0.607,51.1,65.7,11.7,11.4,0.571,17,28.9,0.314
358,Winthrop Eagles,13,7,6,0.538,2.1,-3.27,,,,,4,1,,2,5,,1157,1003,,72.2,122.1,0.376,0.467,0.584,53.4,52.7,10.1,11.2,0.548,12,35.8,0.282
359,Wisconsin Badgers,10,7,3,0.7,14.05,4.35,,1,1,,6,0,,0,1,,851,754,,72.7,117,0.338,0.512,0.571,53.1,56,10.2,9.6,0.527,12.2,32.5,0.271
360,Wofford Terriers,12,7,5,0.583,-6.12,-3.21,,,,,4,1,,3,4,,892,900,,68.1,109.1,0.395,0.449,0.53,52.2,58.6,8.9,9.6,0.489,13.1,34.4,0.281
361,Wright State Raiders,12,5,7,0.417,2.25,0.35,,1,1,,3,2,,1,4,,940,819,,68.7,112.8,0.293,0.37,0.563,51.2,49.1,13.4,12.2,0.544,13.8,32.4,0.195
362,Wyoming Cowboys,11,9,2,0.818,15.32,-0.08,,,,,8,0,,0,2,,967,789,,72.3,121.5,0.37,0.375,0.589,56.6,51.4,11.2,7.2,0.564,13.5,38,0.256
363,Xavier Musketeers,12,8,4,0.667,5.6,2.68,,0,1,,7,2,,0,1,,919,884,,71.4,107.3,0.302,0.441,0.526,48.3,69.8,10,10.1,0.5,11.3,27.1,0.203
364,Yale Bulldogs,12,11,1,0.917,9.09,-2.11,,,,,4,1,,3,0,,1047,853,,68.1,128.2,0.379,0.349,0.634,54.5,58.6,8.6,10.4,0.597,11.9,34.8,0.301
365,Youngstown State Penguins,12,7,5,0.583,-1.27,-2.97,,2,1,,4,0,,2,4,,962,832,,69.8,113.7,0.305,0.485,0.599,51.7,51.9,11.8,8.7,0.576,17.8,34.1,0.221